<?xml version="1.0" encoding="utf-8"?><feed xmlns="http://www.w3.org/2005/Atom" ><generator uri="https://jekyllrb.com/" version="3.9.0">Jekyll</generator><link href="http://localhost:4000/feed.xml" rel="self" type="application/atom+xml" /><link href="http://localhost:4000/" rel="alternate" type="text/html" /><updated>2022-03-13T09:28:36-07:00</updated><id>http://localhost:4000/feed.xml</id><title type="html">David Prinz</title><subtitle>personal description</subtitle><author><name>David Prinz</name><email>prinz@math.hu-berlin.de</email></author></feed>